S.No.,Name,CMP,NP Qtr,Qtr Profit Var,Qtr Sales Var,Mar Cap
1.,Hil Ltd,4633.95,62.60,163.47,30.81,3472.01
2.,Ramco Inds.,265.65,66.43,102.22,46.63,2302.20
3.,Visaka Industrie,680.50,30.88,350.15,55.53,1121.53
4.,Everest Inds.,378.60,12.23,483.39,19.70,592.25
5.,Sahyadri Industr,519.05,16.95,262.18,90.53,496.29
6.,BIGBLOC Const.,103.40,3.46,179.03,33.10,146.39
7.,A Infrastructure,33.55,1.79,2137.50,15.86,143.08
8.,Navkar Builders,17.50,-0.10,-225.00,-63.30,34.80
9.,Vardhman Concr.,4.20,-0.10,-350.00,,3.01
