S.No.,Name,CMP,NP Qtr,Qtr Profit Var,Qtr Sales Var,Mar Cap
1.,Kajaria Ceramics,1021.85,118.94,93.27,13.09,16255.69
2.,Cera Sanitary.,4360.45,45.77,22.91,47.19,5671.15
3.,Somany Ceramics,471.55,28.22,170.83,12.90,1998.40
4.,Asian Granito,189.30,19.59,178.27,68.44,644.65
5.,Orient Bell,335.80,8.00,47.87,43.17,482.41
6.,Nitco,33.10,-48.35,-331.12,49.47,237.85
7.,Murudesh.Ceramic,27.05,2.01,704.00,1.85,141.56
8.,Restile Ceramics,3.46,-1.65,1.79,-73.81,34.00
9.,Lexus Granito,12.75,,,,24.47
10.,Regency Ceramics,1.40,-1.35,-17.39,,3.70
11.,Schablona India,10.00,-0.28,50.88,-69.23,3.16
