S.No.,Name,CMP,NP Qtr,Qtr Profit Var,Qtr Sales Var,Mar Cap
1.,Career Point,141.80,8.82,1.26,-53.14,257.98
2.,Shanti Educat.,157.50,-1.19,-4.39,-88.00,253.58
3.,CL Educate,113.80,-0.43,-13.16,-31.13,161.21
4.,MT Educare,10.50,1.01,-73.21,-76.46,75.84
5.,VJTF Eduservices,38.55,-1.29,-138.89,-69.29,67.85
6.,Global Education,53.15,2.12,19.77,44.22,54.11
7.,Tree House Edu.,8.65,-8.21,-0.98,50.00,36.60
8.,Ironwood Educa,29.70,-0.30,-66.67,-58.02,23.49
9.,Golden Crest,38.35,0.03,200.00,,20.11
10.,Humming Bird Edu,106.90,,,,6.55
11.,Kuberan Global,20.15,,,,4.24
12.,Vantage Knowledg,6.20,0.12,209.09,325.00,2.08
13.,ACE EduTremd Ltd,1.03,-0.08,27.27,-42.86,0.94
